postal_code,city,lat,lon
385200.0,адыгейск,44.878414,39.190289
385000.0,майкоп,44.6098268,40.1006606
649000.0,горно-алтайск,51.9581028,85.9603235
658125.0,алейск,52.4922513,82.7793606
656000.0,барнаул,53.3479968,83.7798064
659900.0,белокуриха,51.996152,84.9839604
659300.0,бийск,52.5393864,85.2138453
658420.0,горняк,50.9979622,81.4643358
659100.0,заринск,53.7063476,84.9315081
658480.0,змеиногорск,51.1581094,82.1872547
658700.0,камень-на-оби,53.7913974,81.3545053
658041.0,новоалтайск,53.4119759,83.9311069
658200.0,рубцовск,51.5012067,81.2078695
658820.0,славгород,52.999463,78.6459232
658837.0,яровое,52.9252146,78.5729775
676805.0,белогорск,50.9213415,128.4739471
675000.0,благовещенск,50.290659,127.527198
676870.0,завитинск,50.1064111,129.4391813
676151.0,зея,53.7340088,127.265787
676770.0,райчихинск,49.7941615,129.4112492
676450.0,свободный,51.3614103,128.1219729
676011.0,сковородино,53.9871095,123.9437205
676280.0,тында,55.1546441,124.7468904
676470.0,циолковский,51.762481,128.1219846
676301.0,шимановск,52.0051886,127.7005458
163000.0,архангельск,64.5394289,40.5169606
165150.0,вельск,61.066,42.1032789
164110.0,каргополь,61.5009724,38.9636966
165650.0,коряжма,61.2885948,47.1003015
165300.0,котлас,61.2528972,46.633242
164750.0,мезень,65.8398078,44.2532273
164170.0,мирный,62.7645265,40.3360076
164900.0,новодвинск,64.4136851,40.8208143
164200.0,няндома,61.6654674,40.2062947
164840.0,онега,63.9162928,38.0805031
164500.0,северодвинск,64.5625385,39.8180934
165330.0,сольвычегодск,61.3319616,46.920441
165160.0,шенкурск,62.1057272,42.8996973
414000.0,астрахань,46.3655652,48.0559236
416500.0,ахтубинск,48.2752034,46.1906462
416540.0,знаменск,48.5866291,45.7368019
416340.0,камызяк,46.110579,48.07333
416111.0,нариманов,46.6916565,47.8502476
416010.0,харабали,47.408999,47.2525345
452920.0,агидель,55.8999056,53.9220144
453630.0,баймак,52.5912896,58.3110998
452000.0,белебей,54.1034582,54.1113129
453500.0,белорецк,53.9676488,58.4100419
452450.0,бирск,55.4155753,55.5582214
453430.0,благовещенск,55.0499867,55.9553186
453400.0,давлеканово,54.2226707,55.0312373
452320.0,дюртюли,55.4848318,54.8524765
453200.0,ишимбай,53.4545764,56.0438751
453300.0,кумертау,52.7564939,55.7970197
453570.0,межгорье,54.2397689,57.9614547
453853.0,мелеуз,52.9589532,55.9282838
452680.0,нефтекамск,56.088377,54.2483061
452601.0,октябрьский,54.4815311,53.4655972
453250.0,салават,53.3616974,55.9245224
453830.0,сибай,52.7204651,58.6663783
453100.0,стерлитамак,53.6300864,55.9317089
452750.0,туймазы,54.5999224,53.6950623
450000.0,уфа,54.734944,55.9578468
453700.0,учалы,54.3067375,59.4125461
452800.0,янаул,56.2650146,54.929907
309850.0,алексеевка,50.6299647,38.6880342
308000.0,белгород,50.5976472,36.5856652
309920.0,бирюч,50.6484585,38.4005083
309990.0,валуйки,50.2111207,38.0998772
309370.0,грайворон,50.4862958,35.6663877
309180.0,губкин,51.2837123,37.5347759
309210.0,короча,50.8129041,37.1896436
309640.0,новый оскол,50.7633747,37.8775484
309500.0,старый оскол,51.2967101,37.8350182
309070.0,строитель,50.7845099,36.4887648
309290.0,шебекино,50.4004883,36.8877889
241000.0,брянск,53.2419535,34.3652146
242600.0,дятьково,53.5958178,34.3551812
242700.0,жуковка,53.5340397,33.7302579
243600.0,злынка,52.4267015,31.7360399
242500.0,карачев,53.1296524,34.9888727
243140.0,клинцы,52.7529119,32.233911
243220.0,мглин,53.0599771,32.8468129
243020.0,новозыбков,52.537173,31.9357991
243400.0,почеп,52.9154851,33.4744058
242440.0,севск,52.1483358,34.4918415
241550.0,сельцо,53.3739884,34.1059172
243240.0,стародуб,52.5852257,32.760403
243500.0,сураж,53.0170888,32.3938878
242220.0,трубчевск,52.5791734,33.7660547
243300.0,унеча,52.8461199,32.6757629
242610.0,фокино,53.4554145,34.4159238
671230.0,бабушкин,51.7112755,105.8673219
671160.0,гусиноозерск,51.2865048,106.5230319
671950.0,закаменск,50.372713,103.286699
671840.0,кяхта,50.346543,106.4533516
671700.0,северобайкальск,55.635614,109.3361505
670000.0,улан-удэ,51.8335853,107.5842223
601650.0,александров,56.391819,38.7111123
600000.0,владимир,56.1280804,40.4084376
601440.0,вязники,56.29773,42.2687398
601480.0,гороховец,56.2021036,42.6926111
601500.0,гусь-хрустальный,55.6198751,40.6579929
601300.0,камешково,56.3490152,40.9955183
601640.0,карабаново,56.3131822,38.7034257
601010.0,киржач,56.1486863,38.8635701
601900.0,ковров,56.3554349,41.3170576
601780.0,кольчугино,56.3327254,39.391336
601110.0,костерево,55.9337222,39.6247398
601570.0,курлово,55.452698,40.6124108
601240.0,лакинск,56.0180587,39.956551
602101.0,меленки,55.3387515,41.6340046
602205.0,муром,55.5630311,42.0231362
601140.0,петушки,55.9298134,39.4508075
601120.0,покров,55.9166398,39.1734526
600910.0,радужный,55.9960277,40.3321855
601201.0,собинка,55.9939169,40.0179653
601670.0,струнино,56.3749967,38.5839667
601351.0,судогда,55.9498056,40.8562939
601291.0,суздаль,56.4274441,40.4525692
601800.0,юрьев-польский,56.4937757,39.6680539
400000.0,волгоград,48.7070042,44.5170339
404100.0,волжский,48.7978209,44.7462538
404002.0,дубовка,49.0554742,44.8270085
403790.0,жирновск,50.9768814,44.7858202
404500.0,калач-на-дону,48.6889024,43.5306303
403870.0,камышин,50.0651529,45.3844202
404350.0,котельниково,47.6310259,43.1330872
403801.0,котово,50.3205766,44.8030699
404160.0,краснослободск,48.7068721,44.5630857
404620.0,ленинск,48.6936061,45.1992692
403340.0,михайловка,50.0708719,43.2401512
404030.0,николаевск,50.0165306,45.4731658
403950.0,новоаннинский,50.5296067,42.6666439
404260.0,палласовка,50.0500944,46.8804277
403840.0,петров вал,50.1380557,45.20914
403441.0,серафимович,49.5663183,42.7360402
404410.0,суровикино,48.618917,42.8541163
403110.0,урюпинск,50.7903789,42.0288513
403530.0,фролово,49.7649148,43.6648641
162480.0,бабаево,59.3892583,35.9377058
161200.0,белозерск,60.0308381,37.7890586
162390.0,великий устюг,60.7603913,46.3054414
160000.0,вологда,59.2483905,39.8355662
162900.0,вытегра,61.0063465,36.4495137
162000.0,грязовец,58.8757553,40.2485362
162107.0,кадников,59.5037764,40.3441148
161100.0,кириллов,59.8591523,38.3748782
162341.0,красавино,60.9612823,46.4814116
161440.0,никольск,59.5351837,45.4576137
162129.0,сокол,59.4758605,40.1114187
161300.0,тотьма,59.9734998,42.7589506
162840.0,устюжна,58.8383117,36.4425478
162250.0,харовск,59.9479423,40.2000298
162600.0,череповец,59.1269212,37.9090497
397700.0,бобров,51.0901649,40.0318256
396790.0,богучар,49.9352454,40.5590801
397160.0,борисоглебск,51.3655754,42.1008334
397500.0,бутурлиновка,50.8311818,40.5976923
394000.0,воронеж,51.6593332,39.1969229
397600.0,калач,50.4242134,41.0162014
397904.0,лиски,50.9945626,39.5184909
396070.0,нововоронеж,51.3091524,39.2162843
397400.0,новохоперск,51.0952211,41.6173404
397837.0,острогожск,50.8677905,39.0407746
396420.0,павловск,50.453455,40.136874
397350.0,поворино,51.1954419,42.2472726
396650.0,россошь,50.1701949,39.6226965
396900.0,семилуки,51.6951644,39.0190454
397030.0,эртиль,51.830932,40.8074182
368220.0,буйнакск,42.8214424,47.1165263
368670.0,дагестанские огни,42.1152296,48.1939354
368000.0,дербент,42.058966,48.2907452
368500.0,избербаш,42.5650962,47.8710051
368300.0,каспийск,42.8916007,47.6367066
368120.0,кизилюрт,43.203825,46.8729636
368830.0,кизляр,43.8484083,46.7233699
367000.0,махачкала,42.9849159,47.5047181
368000.0,хасавюрт,43.2504665,46.5851292
368890.0,южно-сухокумск,44.6602467,45.6499523
679002.0,биробиджан,48.7946446,132.9217207
679100.0,облучье,49.0189345,131.0540102
673450.0,балей,51.5823759,116.6379549
674600.0,борзя,50.3876058,116.5234779
674670.0,краснокаменск,50.0929703,118.0323936
673730.0,могоча,53.7361398,119.7660867
673400.0,нерчинск,51.9594977,116.5852383
673000.0,петровск-забайкальский,51.2748592,108.846681
673500.0,сретенск,52.2461454,117.7117842
673200.0,хилок,51.3634856,110.4590898
672000.0,чита,52.0340142,113.4994
673303.0,шилка,51.8497035,116.0334461
155330.0,вичуга,57.2044698,41.9132201
155000.0,гаврилов посад,56.5586946,40.1228906
155410.0,заволжск,57.4918141,42.1375625
153000.0,иваново,56.9993792,40.9728272
155800.0,кинешма,57.4425463,42.168914
155150.0,комсомольск,57.0273052,40.3776851
153510.0,кохма,56.9324606,41.0931657
155830.0,наволоки,57.4679066,41.9608002
155555.0,плес,57.4606031,41.5122672
155550.0,приволжск,57.3805743,41.2808565
155360.0,пучеж,56.9820688,43.1683321
155250.0,родники,57.1025975,41.7298834
155040.0,тейково,56.8542719,40.5353874
155520.0,фурманов,57.2539276,41.1054432
155900.0,шуя,56.8560234,41.3800939
155630.0,южа,56.5926877,42.0458099
155450.0,юрьевец,57.3177781,43.1110401
386230.0,карабулак,43.3055248,44.9094582
386001.0,магас,43.1688611,44.8131207
386300.0,малгобек,43.5096646,44.5901963
386100.0,назрань,43.2257841,44.7645779
386200.0,сунжа,43.3204196,45.0476331
665160.0,алзамай,55.5551233,98.6643699
665800.0,ангарск,52.544879,103.888543
665930.0,байкальск,51.5230393,104.1487532
665050.0,бирюсинск,55.9609167,97.8205348
666901.0,бодайбо,57.8468636,114.1866287
665700.0,братск,56.1513108,101.6340035
665770.0,вихоревка,56.1208145,101.1702926
665650.0,железногорск-илимский,56.5847888,104.114275
665382.0,зима,53.920693,102.0491772
664000.0,иркутск,52.2864036,104.2807466
666700.0,киренск,57.7756595,108.1109412
665100.0,нижнеудинск,54.8968931,99.0314056
666300.0,саянск,54.1107238,102.18015
665420.0,свирск,53.0842668,103.3364093
665902.0,слюдянка,51.6563983,103.7187545
665000.0,тайшет,55.9405334,98.0030145
665250.0,тулун,54.557162,100.5780603
665450.0,усолье-сибирское,52.7565808,103.6388109
666671.0,усть-илимск,57.9430504,102.7415734
666780.0,усть-кут,56.7928178,105.7757343
665400.0,черемхово,53.1369095,103.0901268
666031.0,шелехов,52.2102538,104.0973294
361500.0,баксан,43.6819137,43.5345036
361110.0,майский,43.6281516,44.0517314
360000.0,нальчик,43.4845464,43.60713
361330.0,нарткала,43.5578075,43.8575925
361040.0,прохладный,43.7589602,44.0102409
361200.0,терек,43.4839358,44.1402161
361621.0,тырныауз,43.3981585,42.9213582
361400.0,чегем,43.5671525,43.5865792
238420.0,багратионовск,54.3866518,20.6418091
238520.0,балтийск,54.6513372,19.9140572
238210.0,гвардейск,54.6588378,21.0501388
238300.0,гурьевск,54.770638,20.6039767
238050.0,гусев,54.5915455,22.1942445
238326.0,зеленоградск,54.9600185,20.4753652
236001.0,калининград,54.7074702,20.5073241
238730.0,краснознаменск,54.9453423,22.4928745
238460.0,ладушкин,54.5692156,20.1690153
238450.0,мамоново,54.4646036,19.9453482
238710.0,неман,55.0316524,22.0324064
238010.0,нестеров,54.6313814,22.5713736
238120.0,озерск,54.4084705,22.0134438
238590.0,пионерский,54.9516574,20.2277424
238630.0,полесск,54.8625126,21.0998067
238400.0,правдинск,54.4430986,21.0085269
238510.0,приморск,54.7311437,19.9981926
238560.0,светлогорск,54.9439286,20.1514295
238340.0,светлый,54.6772897,20.1357595
238600.0,славск,55.0449714,21.6742367
238750.0,советск,55.0809336,21.8886106
238150.0,черняховск,54.6244751,21.7969062
359050.0,городовиковск,46.0875083,41.935537
359220.0,лагань,45.3930912,47.3432602
358000.0,элиста,46.3083344,44.2702088
249000.0,балабаново,55.1773714,36.6566951
249160.0,белоусово,55.0956803,36.677629
249010.0,боровск,55.2130096,36.4926251
249026.0,ермолино,55.1971758,36.5952722
249340.0,жиздра,53.7521926,34.7386592
249190.0,жуков,55.0301833,36.7394903
248000.0,калуга,54.5059848,36.2516245
249440.0,киров,54.0790111,34.3076201
249720.0,козельск,54.0347201,35.780768
249830.0,кондрово,54.7959473,35.9274842
249185.0,кременки,54.8862447,37.1168701
249400.0,людиново,53.8700828,34.4385915
249091.0,малоярославец,55.0177123,36.4633603
249950.0,медынь,54.9689785,35.8872168
249240.0,мещовск,54.3191471,35.2816918
249930.0,мосальск,54.4824939,34.9872239
249030.0,обнинск,55.0943144,36.6121639
249710.0,сосенский,54.0566016,35.9621646
249610.0,спас-деменск,54.409922,34.0189631
249270.0,сухиничи,54.097296,35.3443568
249100.0,таруса,54.7236477,37.1671
249910.0,юхнов,54.7446445,35.2424346
684090.0,вилючинск,52.9302415,158.4057632
684000.0,елизово,53.1830375,158.3883548
683000.0,петропавловск-камчатский,53.036908,158.6559254
369200.0,карачаевск,43.7732525,41.9143472
369212.0,теберда,43.4437731,41.7415142
369300.0,усть-джегута,44.0838442,41.9711046
369000.0,черкесск,44.2269425,42.0466704
186500.0,беломорск,64.5378417,34.7799462
186610.0,кемь,64.9543539,34.5949263
186220.0,кондопога,62.2059817,34.2682122
186930.0,костомукша,64.5889398,30.6016832
186730.0,лахденпохья,61.518881,30.1996116
186350.0,медвежьегорск,62.9127626,34.4568489
186000.0,олонец,60.9794025,32.9725519
185000.0,петрозаводск,61.7891264,34.3596434
186810.0,питкяранта,61.5757191,31.4640557
186150.0,пудож,61.8058821,36.5329941
186420.0,сегежа,63.7437572,34.3126982
186790.0,сортавала,61.703367,30.6916998
186870.0,суоярви,62.0787293,32.3499386
652470.0,анжеро-судженск,56.0786281,86.0201278
652600.0,белово,54.4220968,86.3037373
652420.0,березовский,55.6693513,86.2744459
652780.0,гурьевск,54.2859263,85.9475985
652740.0,калтан,53.5210919,87.2771636
650000.0,кемерово,55.3910651,86.0467781
652700.0,киселевск,54.0059999,86.6366116
652500.0,ленинск-кузнецкий,54.6674492,86.1797324
652150.0,мариинск,56.2127383,87.7454924
652870.0,междуреченск,53.6865289,88.0702754
652840.0,мыски,53.7125695,87.8055646
654000.0,новокузнецк,53.794315,87.2142745
652800.0,осинники,53.5988055,87.3371272
652560.0,полысаево,54.6055,86.2809208
652701.0,прокопьевск,53.8604265,86.7183577
652770.0,салаир,54.2351735,85.8030733
652400.0,тайга,56.0622131,85.6207182
652990.0,таштагол,52.759313,87.8476546
652300.0,топки,55.2764707,85.6152619
652050.0,юрга,55.7202694,84.8886399
613200.0,белая холуница,58.8415239,50.8460699
612960.0,вятские поляны,56.2284817,51.0614855
612410.0,зуевка,58.4032152,51.1331606
610000.0,киров,58.6035264,49.6679304
613040.0,кирово-чепецк,58.5559424,50.0316848
612820.0,кирс,59.340056,52.2414437
612600.0,котельнич,58.3034832,48.3475597
613980.0,луза,60.6290609,47.2612445
612920.0,малмыж,56.5243844,50.6782739
613710.0,мураши,59.3955383,48.9638417
613440.0,нолинск,57.5597284,49.93575
612740.0,омутнинск,58.6698913,52.1894564
612270.0,орлов,58.5389776,48.8927723
613150.0,слободской,58.7311574,50.1669249
613341.0,советск,57.584196,48.9590272
612990.0,сосновка,56.2532741,51.2833642
613530.0,уржум,57.1097477,50.0058097
612260.0,яранск,57.3040326,47.8478737
169900.0,воркута,67.4974082,64.061034
169570.0,вуктыл,63.8615274,57.3165402
169200.0,емва,62.5965137,50.8732125
169840.0,инта,66.0367316,60.1152961
169060.0,микунь,62.3579068,50.0719503
169600.0,печора,65.148584,57.2239777
169500.0,сосногорск,63.5989841,53.876293
167000.0,сыктывкар,61.6686617,50.8358151
169710.0,усинск,65.994147,57.5569423
169300.0,ухта,63.5565514,53.7014239
157000.0,буй,58.4733277,41.5306822
156901.0,волгореченск,57.4424559,41.1594201
157200.0,галич,58.3828191,42.3654013
157440.0,кологрив,58.8269323,44.3184927
156000.0,кострома,57.768,40.927
157460.0,макарьев,57.8807152,43.8014197
157300.0,мантурово,58.3265441,44.757494
157800.0,нерехта,57.4543369,40.5723598
157331.0,нея,58.2943349,43.8780948
157170.0,солигалич,59.0784867,42.2878423
157130.0,чухлома,58.753421,42.6884958
157500.0,шарья,58.3760542,45.4062414
353320.0,абинск,44.8679655,38.1618157
353440.0,анапа,44.8950433,37.3163282
352690.0,апшеронск,44.4584006,39.7299824
352900.0,армавир,45.0012149,41.1324168
352630.0,белореченск,44.7651876,39.8781494
353460.0,геленджик,44.5630007,38.0790852
353288.0,горячий ключ,44.6344864,39.1354738
352190.0,гулькевичи,45.3605121,40.6918389
353680.0,ейск,46.71157,38.2763895
353180.0,кореновск,45.4641703,39.458949
350000.0,краснодар,45.0401604,38.9759647
352380.0,кропоткин,45.4333007,40.5727951
353380.0,крымск,44.9344404,37.9855795
352430.0,курганинск,44.8877025,40.5913245
352500.0,лабинск,44.6354363,40.7245341
352240.0,новокубанск,45.1038699,41.0475175
353900.0,новороссийск,44.7235026,37.7686135
353860.0,приморско-ахтарск,46.0515432,38.1704875
353560.0,славянск-на-кубани,45.2603626,38.1259774
354000.0,сочи,43.5854551,39.7231548
353500.0,темрюк,45.2610949,37.4454412
352700.0,тимашевск,45.615923,38.9351837
352120.0,тихорецк,45.8546345,40.1260267
352800.0,туапсе,44.1105335,39.0824904
352330.0,усть-лабинск,45.2227359,39.6929577
352680.0,хадыженск,44.4122963,39.5320258
662951.0,артемовск,54.3473075,93.4358377
662150.0,ачинск,56.253907,90.4794397
662060.0,боготол,56.2098468,89.5299336
663980.0,бородино,55.9054121,94.9020967
663081.0,дивногорск,55.9576784,92.3800687
647000.0,дудинка,69.4031364,86.1907218
663150.0,енисейск,58.4485261,92.1651083
662970.0,железногорск,56.2529035,93.532273
663960.0,заозерный,55.9617752,94.7091491
663690.0,зеленогорск,56.1131564,94.5888103
663200.0,игарка,67.4666901,86.5812794
663800.0,иланский,56.2374037,96.067267
663600.0,канск,56.2051282,95.7051096
663491.0,кодинск,58.6032644,99.1797962
660000.0,красноярск,56.0093879,92.8524806
662541.0,лесосибирск,58.221681,92.5037872
662600.0,минусинск,53.7104586,91.6872907
662200.0,назарово,56.0113799,90.4168775
663300.0,норильск,69.3489978,88.2009846
662500.0,сосновоборск,56.1202647,93.3354121
662251.0,ужур,55.3141969,89.8333918
663920.0,уяр,55.8131263,94.3282601
662310.0,шарыпово,55.5389739,89.1801044
298676.0,ялта,44.4164605,34.0444797
298500.0,алушта,44.6764304,34.4100624
296012.0,армянск,46.1059307,33.6910012
298400.0,бахчисарай,44.7514769,33.8752176
297600.0,белогорск,45.057202,34.5999029
296100.0,джанкой,45.7092306,34.3883372
297402.0,евпатория,45.190629,33.367634
298300.0,керчь,45.3562627,36.4674513
296000.0,красноперекопск,45.9537576,33.7921939
296500.0,саки,45.1341997,33.6033383
295000.0,симферополь,44.9482948,34.1001151
297345.0,старый крым,45.029058,35.0901474
298000.0,судак,44.8504679,34.9762034
298100.0,феодосия,45.0318393,35.3824259
298213.0,щелкино,45.4288991,35.825165
298600.0,ялта,44.4953612,34.166308
641730.0,далматово,56.262114,62.9387011
641700.0,катайск,56.290809,62.5800359
640002.0,курган,55.4443883,65.3161963
641430.0,куртамыш,54.9368539,64.4203722
641600.0,макушино,55.2153947,67.2451705
641640.0,петухово,55.0650077,67.8873408
641870.0,шадринск,56.0870344,63.6297182
641100.0,шумиха,55.2280246,63.2901272
641010.0,щучье,55.2087637,62.7478548
307500.0,дмитриев,52.1268464,35.0739038
307170.0,железногорск,52.3380202,35.3516867
305000.0,курск,51.7303637,36.1925603
307250.0,курчатов,51.6604083,35.6572224
307750.0,льгов,51.6597148,35.2612491
306230.0,обоянь,51.2119324,36.2755133
307370.0,рыльск,51.5681314,34.6802597
307800.0,суджа,51.1918927,35.2720915
307100.0,фатеж,52.0917728,35.8538706
306509.0,щигры,51.8786014,36.8910945
187650.0,бокситогорск,59.4734797,33.845688
188410.0,волосово,59.4445408,29.4923355
187401.0,волхов,59.9005958,32.3520756
188640.0,всеволожск,60.0191278,30.6456718
188800.0,выборг,60.7130801,28.7328336
188909.0,высоцк,60.6296236,28.5709314
188300.0,гатчина,59.565237,30.1282473
188490.0,ивангород,59.3766119,28.2231659
188950.0,каменногорск,60.950855,29.1308372
188455.0,кингисепп,59.3740435,28.6112444
187110.0,кириши,59.4742862,32.0624947
187340.0,кировск,59.8754216,30.981364
188320.0,коммунар,59.6215133,30.3934125
188691.0,кудрово,59.9075226,30.5121008
187700.0,лодейное поле,60.7320936,33.5521022
188230.0,луга,58.7374031,29.8465776
187050.0,любань,59.3493847,31.2484801
188662.0,мурино,60.044862,30.4571456
187026.0,никольское,59.7043309,30.7874571
187450.0,новая ладога,60.1100135,32.3141203
187330.0,отрадное,59.7726848,30.7988557
187600.0,пикалево,59.5132022,34.1772776
187780.0,подпорожье,60.9127549,34.1567664
188910.0,приморск,60.3660209,28.6135772
188760.0,приозерск,61.0330896,30.1587851
188990.0,светогорск,61.1111282,28.8725865
188650.0,сертолово,60.1446932,30.2095918
188560.0,сланцы,59.1178185,28.0881475
188540.0,сосновый бор,59.8772884,29.1291619
187420.0,сясьстрой,60.1401739,32.5601559
187550.0,тихвин,59.6272904,33.5072731
187000.0,тосно,59.5407098,30.877812
187320.0,шлиссельбург,59.9443714,31.0333365
399050.0,грязи,52.4874097,39.9331142
399850.0,данков,53.2577411,39.1456184
399770.0,елец,52.6152411,38.5289342
399200.0,задонск,52.4004179,38.9205032
399610.0,лебедянь,53.0156117,39.143536
398000.0,липецк,52.610249,39.5947883
399341.0,усмань,52.0442648,39.726401
399900.0,чаплыгин,53.24048,39.9670973
685000.0,магадан,59.5681332,150.8084956
686314.0,сусуман,62.7805882,148.1540281
425000.0,волжск,55.8623156,48.3715083
425060.0,звенигово,55.9738571,48.0170245
424000.0,йошкар-ола,56.6343662,47.8999706
425350.0,козьмодемьянск,56.3334036,46.546675
431850.0,ардатов,54.8465544,46.2411232
431430.0,инсар,53.8770022,44.3696566
431350.0,ковылкино,54.0391072,43.9191539
431260.0,краснослободск,54.4248207,43.7845011
431440.0,рузаевка,54.0581967,44.9490466
430000.0,саранск,54.1809332,45.1862632
431220.0,темников,54.6310583,43.2161099
101000.0,москва,55.7540471,37.620405
143360.0,апрелевка,55.5276918,37.065143
143900.0,балашиха,55.796389,37.938283
140250.0,белоозёрский,55.4595766,38.4389742
140170.0,бронницы,55.4255379,38.264145
143330.0,верея,55.343369,36.185694
142700.0,видное,55.551725,37.7061984
143600.0,волоколамск,56.0356499,35.9585112
140200.0,воскресенск,55.3071519,38.7027953
141650.0,высоковск,56.3359513,36.5251837
143040.0,голицыно,55.6190582,36.9856793
143530.0,дедовск,55.8703276,37.1245043
140090.0,дзержинский,55.6240869,37.8440276
141800.0,дмитров,56.3477457,37.526672
141700.0,долгопрудный,55.9385999,37.5101021
142000.0,домодедово,55.4363283,37.7664984
142660.0,дрезна,55.7443143,38.8498479
141980.0,дубна,56.741786,37.1757223
140300.0,егорьевск,55.3830113,39.0358317
140180.0,жуковский,55.599803,38.1224298
140600.0,зарайск,54.762456,38.8850978
143180.0,звенигород,55.7297089,36.8554029
141280.0,ивантеевка,55.9741665,37.9207539
143500.0,истра,55.9062267,36.8601454
142900.0,кашира,54.853337,38.1904392
141601.0,клин,56.3425605,36.7240032
140400.0,коломна,55.102814,38.7531002
141060.0,королёв,55.9161773,37.8545415
140053.0,котельники,55.6597925,37.8631156
141290.0,красноармейск,56.105426,38.140838
143401.0,красногорск,55.8317203,37.3295266
141321.0,краснозаводск,56.4409979,38.2320307
143090.0,краснознаменск,55.5978959,37.0393709
143070.0,кубинка,55.5754955,36.6951995
142620.0,куровское,55.5792277,38.9207723
142663.0,ликино-дулёво,55.7078257,38.9578093
141055.0,лобня,56.0328881,37.4614035
141150.0,лосино-петровский,55.8713214,38.200599
140500.0,луховицы,54.9652077,39.0260266
140080.0,лыткарино,55.5778163,37.9033507
140000.0,люберцы,55.676499,37.898125
143200.0,можайск,55.5069259,36.024043
141000.0,мытищи,55.9105782,37.7363579
143300.0,наро-фоминск,55.386185,36.734484
142400.0,ногинск,55.8686133,38.4622104
143000.0,одинцово,55.6789455,37.263686
140560.0,озёры,54.8541006,38.5599196
142600.0,орехово-зуево,55.8151421,38.9869822
142500.0,павловский посад,55.7807244,38.6596983
141320.0,пересвет,56.4158326,38.1733534
142100.0,подольск,55.4389322,37.5703482
142280.0,протвино,54.8705984,37.2182749
141200.0,пушкино,56.0103638,37.8471403
142290.0,пущино,54.8324412,37.6210346
140100.0,раменское,55.5495132,38.2728914
143960.0,реутов,55.7582621,37.8618553
140730.0,рошаль,55.6632776,39.8656147
143100.0,руза,55.7014744,36.1959206
141300.0,сергиев посад,56.3062548,38.1502661
142200.0,серпухов,54.9226466,37.4033859
141503.0,солнечногорск,56.185102,36.977631
142450.0,старая купавна,55.810648,38.175624
142800.0,ступино,54.886274,38.078228
141900.0,талдом,56.7308564,37.5276003
141190.0,фрязино,55.9590588,38.0410235
141402.0,химки,55.888657,37.4303702
141370.0,хотьково,56.2516982,37.9396017
142432.0,черноголовка,56.010005,38.379245
142300.0,чехов,55.1508011,37.4533252
140700.0,шатура,55.5777427,39.5445712
141100.0,щёлково,55.9233801,37.9783707
142530.0,электрогорск,55.8780241,38.7806752
144000.0,электросталь,55.7847291,38.4447045
142455.0,электроугли,55.7170877,38.2192563
141840.0,яхрома,56.2890516,37.4831799
184200.0,апатиты,67.5677761,33.4067929
184670.0,гаджиево,69.2491311,33.315341
184310.0,заозерск,69.4003584,32.4501496
184430.0,заполярный,69.4132852,30.7984312
184042.0,кандалакша,67.1567974,32.4143218
184250.0,кировск,67.6150424,33.663735
184144.0,ковдор,67.5661417,30.4741941
184380.0,кола,68.8786028,33.0262299
184505.0,мончегорск,67.9386153,32.9359719
183000.0,мурманск,69.007721,33.0685865
184530.0,оленегорск,68.1422058,33.2669407
184640.0,островной,68.0510344,39.5077846
184230.0,полярные зори,67.373084,32.4975636
184650.0,полярный,69.1989583,33.4508591
184601.0,североморск,69.0766801,33.4177759
184682.0,снежногорск,69.1921409,33.2383502
166000.0,нарьян-мар,67.6379672,53.0069565
607220.0,арзамас,55.3945814,43.8408141
606407.0,балахна,56.495036,43.5758423
607600.0,богородск,56.1020828,43.5135442
606440.0,бор,56.3565458,44.0646481
606860.0,ветлуга,57.8559204,45.7761957
606072.0,володарск,56.2169751,43.1596417
606120.0,ворсма,55.989943,43.2718859
607060.0,выкса,55.3207727,42.1678834
606125.0,горбатов,56.1307769,43.0626185
606500.0,городец,56.6449218,43.4723104
606000.0,дзержинск,56.2376047,43.4599416
606520.0,заволжье,56.6404286,43.3872492
606340.0,княгинино,55.8205915,45.032337
607650.0,кстово,56.1432084,44.1664198
607010.0,кулебаки,55.4296181,42.5125538
607800.0,лукоянов,55.0326225,44.4933807
606210.0,лысково,56.0262359,45.035771
607100.0,навашино,55.543811,42.1887089
603000.0,нижний новгород,56.3240627,44.0053913
606100.0,павлово,55.9797564,43.0995042
607751.0,первомайск,54.8675792,43.8013992
607400.0,перевоз,55.5967718,44.5448369
607180.0,саров,54.9228268,43.3448089
606605.0,семенов,56.7889794,44.4902885
607510.0,сергач,55.5201515,45.4813231
606803.0,урень,57.4612572,45.7833293
606540.0,чкаловск,56.7651262,43.242077
606910.0,шахунья,57.6764293,46.6129009
174400.0,боровичи,58.3840197,33.9175929
175400.0,валдай,57.9823766,33.2369436
173000.0,великий новгород,58.5213846,31.2755394
174260.0,малая вишера,58.8458379,32.2247401
174350.0,окуловка,58.3910296,33.2901557
174510.0,пестово,58.5973723,35.8143898
175040.0,сольцы,58.1201281,30.309351
175200.0,старая русса,57.990737,31.3554897
175270.0,холм,57.145108,31.1787499
174210.0,чудово,59.1248394,31.6866241
632330.0,барабинск,55.35146,78.3464506
633000.0,бердск,54.7582156,83.1070605
633340.0,болотное,55.6692421,84.3906889
633200.0,искитим,54.6267603,83.2951244
632860.0,карасук,53.7343189,78.0422967
632400.0,каргат,55.1945666,80.2829495
632380.0,куйбышев,55.4685094,78.3242048
632730.0,купино,54.366055,77.2973368
630000.0,новосибирск,55.028191,82.9211489
633100.0,обь,54.9945576,82.6937181
632120.0,татарск,55.2146167,75.9739914
633450.0,тогучин,55.2251631,84.4104118
633520.0,черепаново,54.2206476,83.3724521
632550.0,чулым,55.0906867,80.9592508
646020.0,исилькуль,54.9096002,71.2816284
646900.0,калачинск,55.0598155,74.5653644
646100.0,называевск,55.5689323,71.3503426
644000.0,омск,54.9848566,73.3674517
646530.0,тара,56.9160511,74.3649194
646330.0,тюкалинск,55.8703415,72.1954747
461743.0,абдулино,53.6778906,53.6472483
461630.0,бугуруслан,53.6523728,52.4326853
461040.0,бузулук,52.7881277,52.2624877
462631.0,гай,51.4649189,58.4436875
462240.0,кувандык,51.4783857,57.3612636
462271.0,медногорск,51.4037617,57.583163
462351.0,новотроицк,51.1964202,58.3018192
460000.0,оренбург,51.7875092,55.1018828
462400.0,орск,51.2294282,58.4752777
461504.0,соль-илецк,51.1633736,54.9896726
461900.0,сорочинск,52.426685,53.1542745
462780.0,ясный,51.036838,59.874344
303140.0,болхов,53.4438496,36.0076833
303240.0,дмитровск,52.5054851,35.1415009
303850.0,ливны,52.4284558,37.6039506
303369.0,малоархангельск,52.4002192,36.5038579
303030.0,мценск,53.2788438,36.5749105
303500.0,новосиль,52.97454,37.0437146
302000.0,орёл,52.9671298,36.0696427
442250.0,белинский,52.9640996,43.4183212
442310.0,городище,53.2726916,45.7026142
442960.0,заречный,53.1960836,45.1689907
442240.0,каменка,53.1855463,44.0469717
442530.0,кузнецк,53.1130888,46.605092
442150.0,нижний ломов,53.5300905,43.6730217
442680.0,никольск,53.7137496,46.0799857
440000.0,пенза,53.1753314,45.0348625
442890.0,сердобск,52.4697595,44.2122414
442600.0,спасск,53.9271974,43.1859073
442300.0,сурск,53.0761357,45.6910796
618320.0,александровск,59.1613221,57.5763459
618400.0,березники,59.4079923,56.8039427
617119.0,верещагино,58.0797571,54.6581309
618820.0,горнозаводск,58.3742532,58.3231716
618270.0,гремячинск,58.5626082,57.8520572
618250.0,губаха,58.8371721,57.554533
618730.0,добрянка,58.469685,56.4130737
618350.0,кизел,59.0512783,57.6471028
618590.0,красновишерск,60.3901321,57.0535682
617060.0,краснокамск,58.0822065,55.7479936
619000.0,кудымкар,59.0167925,54.6572508
617470.0,кунгур,57.4283296,56.9438656
618900.0,лысьва,58.0995875,57.8086825
617000.0,нытва,57.9336725,55.3356084
618120.0,оса,57.2889515,55.4688668
618100.0,оханск,57.7180034,55.3872469
617140.0,очер,57.8852686,54.7161091
614000.0,пермь,58.0102583,56.2342034
618541.0,соликамск,59.6482998,56.771009
618460.0,усолье,59.4277573,56.6837872
617760.0,чайковский,56.7781501,54.1477965
618601.0,чердынь,60.4011933,56.4799933
617040.0,чермоз,58.7842834,56.1507138
617830.0,чернушка,56.5160768,56.0763049
618200.0,чусовой,58.2974596,57.8193615
692330.0,арсеньев,44.1622031,133.2696209
692486.0,артем,43.3501675,132.1596175
692801.0,большой камень,43.1111742,132.3480082
690000.0,владивосток,43.1164904,131.8823937
692441.0,дальнегорск,44.5539457,135.5662716
692130.0,дальнереченск,45.9308483,133.7316907
692031.0,лесозаводск,45.4780092,133.4186199
692900.0,находка,42.8239372,132.8927361
692851.0,партизанск,43.1280578,133.1264567
692230.0,спасск-дальний,44.5901175,132.8157288
692500.0,уссурийск,43.7971818,131.9518229
692880.0,фокино,42.9706317,132.4110196
182100.0,великие луки,56.332208,30.5508641
181600.0,гдов,58.7432429,27.8264809
182670.0,дно,57.826974,29.9629389
182500.0,невель,56.0201973,29.9239983
182440.0,новоржев,57.029807,29.3433083
182200.0,новосокольники,56.3408431,30.1527573
182333.0,опочка,56.710725,28.6717519
181353.0,остров,57.3451528,28.3437593
181502.0,печоры,57.8145817,27.622259
182620.0,порхов,57.7765219,29.5436626
180000.0,псков,57.8194415,28.3317198
182300.0,пустошка,56.3374813,29.3668055
181410.0,пыталово,57.0637952,27.9236214
182250.0,себеж,56.2908554,28.4724326
346780.0,азов,47.1121589,39.4232555
346720.0,аксай,47.2676314,39.8756872
346880.0,батайск,47.1383299,39.7507179
347040.0,белая калитва,48.1769737,40.8033529
347360.0,волгодонск,47.5165338,42.1984951
347870.0,гуково,48.0448904,39.9484672
346330.0,донецк,48.3350706,39.945891
346310.0,зверево,48.0435487,40.1265822
347740.0,зерноград,46.8495958,40.312837
347800.0,каменск-шахтинский,48.3205326,40.2689583
347250.0,константиновск,47.5773717,41.0967445
346350.0,красный сулин,47.8831311,40.0781298
346130.0,миллерово,48.9260077,40.3984087
347210.0,морозовск,48.3511807,41.8309225
346400.0,новочеркасск,47.411919,40.1042098
346900.0,новошахтинск,47.757773,39.9363697
347540.0,пролетарск,46.7038963,41.727594
344000.0,ростов-на-дону,47.2224566,39.718803
347630.0,сальск,46.4752095,41.5410415
346630.0,семикаракорск,47.5177337,40.8114167
347900.0,таганрог,47.2094917,38.9350989
347320.0,цимлянск,47.6477448,42.0931505
346500.0,шахты,47.7085287,40.2159846
391300.0,касимов,54.9373475,41.3913211
391200.0,кораблино,53.9246659,40.0227745
391710.0,михайлов,54.2297402,39.0091481
391160.0,новомичуринск,54.0376572,39.74654
391110.0,рыбное,54.7256164,39.5134398
391960.0,ряжск,53.7067584,40.0522274
390000.0,рязань,54.6254445,39.7358609
391430.0,сасово,54.3508885,41.9117422
391800.0,скопин,53.823543,39.5492421
391030.0,спас-клепики,55.1291721,40.1745338
391050.0,спасск-рязанский,54.4070719,40.3763426
391550.0,шацк,54.0287312,41.7181803
445350.0,жигулевск,53.4011981,49.4945176
446430.0,кинель,53.2210298,50.6343776
446600.0,нефтегорск,52.7972914,51.1637392
446200.0,новокуйбышевск,53.0994565,49.9477382
445240.0,октябрьск,53.1640488,48.670762
446300.0,отрадный,53.3800848,51.3438605
446450.0,похвистнево,53.6498299,52.1235156
443000.0,самара,53.1950306,50.1069518
446000.0,сызрань,53.1558674,48.4744629
445000.0,тольятти,53.5205348,49.3894028
446100.0,чапаевск,52.928961,49.8673269
190000.0,санкт-петербург,59.9391313,30.3159004
412210.0,аркадак,51.938831,43.4999221
412420.0,аткарск,51.8736062,45.0003247
413840.0,балаково,52.0224231,47.7827765
412300.0,балашов,51.5388697,43.1839757
412900.0,вольск,52.0459865,47.3873595
413500.0,ершов,51.3508505,48.2762226
412480.0,калининск,51.4993591,44.4710435
412800.0,красноармейск,51.023541,45.695044
413230.0,красный кут,50.9598317,46.9712016
413090.0,маркс,51.7133337,46.7400339
413360.0,новоузенск,50.455199,48.1413153
412540.0,петровск,52.3094237,45.3851877
413720.0,пугачев,52.0159921,48.7972223
412030.0,ртищево,52.2616271,43.7842248
410000.0,саратов,51.533557,46.034257
412780.0,хвалынск,52.4951572,48.1045771
412950.0,шиханы,52.1147391,47.2023118
413100.0,энгельс,51.4854003,46.126722
694420.0,александровск-сахалинский,50.8974378,142.1578559
694030.0,анива,46.713152,142.5265804
694051.0,долинск,47.3255783,142.7945071
694020.0,корсаков,46.6324545,142.799445
694530.0,курильск,45.2270954,147.8796323
694140.0,макаров,48.6236334,142.7803205
694740.0,невельск,46.6526899,141.8630725
694490.0,оха,53.5867839,142.9412411
694240.0,поронайск,49.238866,143.1008333
694550.0,северо-курильск,50.6730577,156.1282211
694820.0,томари,47.7620108,142.0615837
694920.0,углегорск,49.0815774,142.0692639
694620.0,холмск,47.0408423,142.041688
693000.0,южно-сахалинск,46.9591631,142.737976
624600.0,алапаевск,57.8475571,61.6693817
624000.0,арамиль,56.694632,60.8343125
623780.0,артемовский,57.3384177,61.8947443
624260.0,асбест,57.0052277,61.4581156
623700.0,березовский,56.9095924,60.8180907
623530.0,богданович,56.7764795,62.0463679
624160.0,верхний тагил,57.3763758,59.9517653
624090.0,верхняя пышма,56.9758903,60.5650383
624760.0,верхняя салда,58.0465803,60.5560164
624320.0,верхняя тура,58.3643685,59.8265235
624380.0,верхотурье,58.8622073,60.8103945
624940.0,волчанск,59.9351707,60.0798618
623270.0,дегтярск,56.7048206,60.079138
620000.0,екатеринбург,56.8385216,60.6054911
624250.0,заречный,56.8102931,61.3380029
624590.0,ивдель,60.6944496,60.4245069
623850.0,ирбит,57.6838362,63.057675
623400.0,каменск-уральский,56.414962,61.9188674
624860.0,камышлов,56.8465034,62.7119766
624930.0,карпинск,59.7665925,60.0011703
624350.0,качканар,58.7051762,59.4839155
624140.0,кировград,57.4299433,60.0624051
624440.0,краснотурьинск,59.7636635,60.1934525
624330.0,красноуральск,58.348651,60.0408764
623300.0,красноуфимск,56.612387,57.7636637
624300.0,кушва,58.2826013,59.7645766
624200.0,лесной,58.6348516,59.7981565
623080.0,михайловск,56.4370039,59.1137316
624191.0,невьянск,57.49131,60.2183429
623090.0,нижние серги,56.6544959,59.2953035
622000.0,нижний тагил,57.910126,59.9812853
624740.0,нижняя салда,58.0748272,60.7025418
624220.0,нижняя тура,58.6309267,59.8520344
624400.0,новая ляля,59.0538977,60.5944825
624130.0,новоуральск,57.2472567,60.0956714
623100.0,первоуральск,56.9080085,59.942926
623382.0,полевской,56.4956952,60.2365298
623280.0,ревда,56.7986319,59.9071591
623750.0,реж,57.3717477,61.3833842
624480.0,североуральск,60.1533109,59.9525245
624981.0,серов,59.6047724,60.5753882
624070.0,среднеуральск,56.9918901,60.4771018
624800.0,сухой лог,56.9076193,62.0358093
624021.0,сысерть,56.5005715,60.8190003
623950.0,тавда,58.0434672,65.274217
623640.0,талица,57.0122687,63.7320757
623900.0,туринск,58.0393524,63.6981973
299700.0,севастополь,44.6167013,33.525355
363240.0,алагир,43.0417684,44.2199715
363331.0,ардон,43.1755152,44.2955775
363020.0,беслан,43.1937529,44.5338707
362000.0,владикавказ,43.020588,44.6819182
363410.0,дигора,43.1567628,44.1549483
363750.0,моздок,43.7471342,44.6569607
216290.0,велиж,55.6057916,31.1856206
215110.0,вязьма,55.2116983,34.2951663
215010.0,гагарин,55.5525228,34.9950502
216240.0,демидов,55.2682105,31.5062809
216400.0,десногорск,54.146457,33.2833222
215710.0,дорогобуж,54.9136959,33.3023162
216200.0,духовщина,55.1950257,32.401252
216330.0,ельня,54.5837795,33.1749867
216450.0,починок,54.406244,32.4398039
216500.0,рославль,53.9449558,32.8480258
216790.0,рудня,54.9441093,31.0794806
215500.0,сафоново,55.1199661,33.2336988
214000.0,смоленск,54.782635,32.045251
215279.0,сычевка,55.8308821,34.2778793
215800.0,ярцево,55.0564732,32.6902302
356420.0,благодарный,45.0989782,43.4306455
356800.0,буденновск,44.7816067,44.1650339
357820.0,георгиевск,44.1485694,43.4739851
357600.0,ессентуки,44.0446186,42.8588653
357400.0,железноводск,44.1320568,43.0306461
357910.0,зеленокумск,44.4032668,43.8841877
356140.0,изобильный,45.3684296,41.708702
356630.0,ипатово,45.7181751,42.8970206
357700.0,кисловодск,43.9052044,42.7168721
357340.0,лермонтов,44.1054107,42.973135
357200.0,минеральные воды,44.2087273,43.138408
356240.0,михайловск,45.1297323,42.0288443
357100.0,невинномысск,44.6226031,41.9476723
356880.0,нефтекумск,44.7544552,44.9865347
356000.0,новоалександровск,45.4932733,41.2153996
357300.0,новопавловск,43.9617097,43.6342865
357500.0,пятигорск,44.041091,43.0661553
356530.0,светлоград,45.328659,42.8565714
355000.0,ставрополь,45.044516,41.9689655
393670.0,жердевка,51.8422192,41.4617687
393360.0,кирсанов,52.6506335,42.7286445
393190.0,котовск,52.5924489,41.5101237
393760.0,мичуринск,52.8912389,40.5104443
393950.0,моршанск,53.4436216,41.8115478
393250.0,рассказово,52.6538833,41.874285
392000.0,тамбов,52.7213154,41.452264
393460.0,уварово,51.9767841,42.2529799
422230.0,агрыз,56.5232864,52.9943775
423330.0,азнакаево,54.8598642,53.0745527
423403.0,альметьевск,54.9014619,52.2970467
422000.0,арск,56.0912567,49.877067
423930.0,бавлы,54.4062891,53.2458065
422840.0,болгар,54.974891,49.0303882
423230.0,бугульма,54.5363495,52.7895849
422430.0,буинск,54.9641538,48.2901209
423600.0,елабуга,55.7567107,52.0543794
423520.0,заинск,55.299053,52.0062972
422521.0,зеленодольск,55.8466651,48.5010954
420500.0,иннополис,55.7521699,48.7446846
420000.0,казань,55.7943584,49.1114975
422110.0,кукмор,56.1861392,50.8970238
422610.0,лаишево,55.4042867,49.5499838
423250.0,лениногорск,54.5967034,52.4431906
422190.0,мамадыш,55.7150413,51.4129016
423650.0,менделеевск,55.895169,52.3143347
423700.0,мензелинск,55.7270698,53.1003968
423800.0,набережные челны,55.7434619,52.3959165
423570.0,нижнекамск,55.6313609,51.8144669
423040.0,нурлат,54.4281461,50.8049337
422370.0,тетюши,54.936516,48.8314533
422951.0,чистополь,55.3699139,50.6285784
172800.0,андреаполь,56.6506724,32.2620163
171980.0,бежецк,57.7860089,36.6904983
172530.0,белый,55.8339056,32.9389741
171070.0,бологое,57.8855767,34.0537771
171720.0,весьегонск,58.6582598,37.2567558
171150.0,вышний волочек,57.568302,34.5404016
172610.0,западная двина,56.2566492,32.0805315
172332.0,зубцов,56.1760868,34.5825515
171571.0,калязин,57.2579478,37.7819693
171640.0,кашин,57.360194,37.6119436
171500.0,кимры,56.8733213,37.3556605
171250.0,конаково,56.7275204,36.8012716
171660.0,красный холм,58.0571446,37.1126156
172110.0,кувшиново,57.0265168,34.1676009
171210.0,лихославль,57.1221304,35.4667605
172520.0,нелидово,56.2232566,32.7767459
172730.0,осташков,57.1456744,33.1115372
172380.0,ржев,56.262881,34.3291002
171360.0,старица,56.514876,34.9336396
170000.0,тверь,56.8586059,35.9116761
172000.0,торжок,57.04133,34.9602344
172842.0,торопец,56.5012188,31.6355466
171841.0,удомля,57.8787314,35.0167348
636840.0,асино,56.9907085,86.1765257
636615.0,кедровый,57.561869,79.5677821
636460.0,колпашево,58.3114253,82.9025829
636000.0,северск,56.6031285,84.8809926
636780.0,стрежевой,60.732895,77.604122
634000.0,томск,56.4845804,84.9481582
301352.0,алексин,54.5083349,37.0478067
301530.0,белев,53.8114179,36.1382247
301830.0,богородицк,53.7701014,38.1225152
301280.0,болохово,54.0820349,37.826724
301320.0,венев,54.3542315,38.2642236
301760.0,донской,53.9678944,38.3371824
301840.0,ефремов,53.1464766,38.0921657
301720.0,кимовск,53.9698378,38.5380808
301260.0,киреевск,53.9319555,37.9220351
301264.0,липки,53.9417551,37.7020148
301650.0,новомосковск,54.0109075,38.2914024
301470.0,плавск,53.7096415,37.2862352
301205.0,советск,53.9338874,37.6316141
301430.0,суворов,54.1343585,36.4807419
300000.0,тула,54.1920559,37.6153842
301600.0,узловая,53.9730452,38.1763201
301414.0,чекалин,54.0984438,36.2474142
301240.0,щекино,54.0020652,37.5176288
301030.0,ясногорск,54.4795484,37.6896048
668050.0,ак-довурак,51.178452,90.5985129
667000.0,кызыл,51.7191047,94.4376882
668510.0,туран,52.1449619,93.9173396
668110.0,чадан,51.2844502,91.5788609
668210.0,шагонар,51.5346393,92.9199675
627140.0,заводоуковск,56.5027463,66.5513613
627705.0,ишим,56.1104858,69.4795776
626150.0,тобольск,58.2017299,68.2538558
625000.0,тюмень,57.1529744,65.5344099
627010.0,ялуторовск,56.6547289,66.3122992
427430.0,воткинск,57.0518149,53.9873096
427620.0,глазов,58.1359233,52.6635038
426000.0,ижевск,56.852738,53.2114896
427950.0,камбарка,56.2659916,54.193374
427759.0,можга,56.4427774,52.2137886
427960.0,сарапул,56.4615767,53.8037657
433750.0,барыш,53.6533992,47.1181134
433500.0,димитровград,54.2167926,49.6262585
433030.0,инза,53.8549647,46.3533459
433300.0,новоульяновск,54.1447956,48.3910789
433380.0,сенгилей,53.958964,48.7768269
432000.0,ульяновск,54.3079415,48.3748487
682640.0,амурск,50.2344147,136.8792444
682970.0,бикин,46.8185743,134.2550718
682950.0,вяземский,47.5353379,134.7553856
681000.0,комсомольск-на-амуре,50.5498936,137.0079408
682460.0,николаевск-на-амуре,53.1460657,140.7111367
682800.0,советская гавань,48.9664966,140.285174
680000.0,хабаровск,48.4647258,135.0598942
655750.0,абаза,52.6516647,90.0885686
655000.0,абакан,53.7223325,91.4436721
655602.0,саяногорск,53.1008083,91.4122454
655111.0,сорск,54.0002888,90.2594446
655151.0,черногорск,53.8259342,91.3260229
628160.0,белоярский,63.7121099,66.6772226
628481.0,когалым,62.2639527,74.4829794
628671.0,лангепас,61.2536939,75.1807763
628449.0,лянтор,61.6392863,72.179409
628680.0,мегион,61.0318712,76.1025878
628301.0,нефтеюганск,61.0882676,72.6164079
628600.0,нижневартовск,60.9396698,76.5696184
628181.0,нягань,62.1454701,65.3946047
628660.0,покачи,61.7422169,75.5941517
628380.0,пыть-ях,60.7585833,72.8365617
628461.0,радужный,62.1342888,77.4584094
628240.0,советский,61.3706913,63.5667222
628400.0,сургут,61.2541083,73.3961587
628280.0,урай,60.1296954,64.8038508
628000.0,ханты-мансийск,61.0023984,69.0184798
628260.0,югорск,61.3123568,63.3365484
456015.0,аша,54.9906527,57.2783953
456900.0,бакал,54.9406399,58.8051698
457670.0,верхнеуральск,53.8760961,59.2169852
456800.0,верхний уфалей,56.0487158,60.2318886
456580.0,еманжелинск,54.7554548,61.3243477
456200.0,златоуст,55.1714905,59.6725549
456140.0,карабаш,55.4852323,60.2358881
457353.0,карталы,53.0536197,60.6478408
456833.0,касли,55.8868784,60.7421663
456110.0,катав-ивановск,54.7521438,58.1983648
456600.0,копейск,55.116665,61.6179185
456550.0,коркино,54.8903147,61.4034576
456940.0,куса,55.3386053,59.4385778
456870.0,кыштым,55.7061276,60.5563781
455000.0,магнитогорск,53.4072153,58.9791437
456300.0,миасс,55.0456457,60.1077572
456007.0,миньяр,55.0709557,57.548478
456971.0,нязепетровск,56.0536895,59.6097202
456780.0,озерск,55.763154,60.7076198
457020.0,пласт,54.3692764,60.8151894
456913.0,сатка,55.0405288,59.0288975
456020.0,сим,54.9907827,57.6900155
456770.0,снежинск,56.0851495,60.7324914
456080.0,трехгорный,54.8178249,58.4464194
457100.0,троицк,54.0843745,61.5586831
456040.0,усть-катав,54.9260812,58.152805
456439.0,чебаркуль,54.9818567,60.3773121
454000.0,челябинск,55.1602624,61.4008078
457040.0,южноуральск,54.448927,61.2581158
456120.0,юрюзань,54.854662,58.4226698
,аргун,43.2916774,45.8723105
364000.0,грозный,43.3180145,45.698291
366200.0,гудермес,43.3519142,46.1035645
366314.0,курчалой,43.2046547,46.0889364
366500.0,урус-мартан,43.120175,45.539276
366300.0,шали,43.1488691,45.9009629
429820.0,алатырь,54.8397989,46.5721997
429330.0,канаш,55.507,47.4918273
429430.0,козловка,55.8406025,48.2577735
429570.0,мариинский посад,56.111923,47.7142942
429950.0,новочебоксарск,56.1094977,47.4791113
429900.0,цивильск,55.8650213,47.4729349
428000.0,чебоксары,56.1438298,47.2489782
429120.0,шумерля,55.4962415,46.4182681
429061.0,ядрин,55.9406974,46.2020896
689000.0,анадырь,64.7313924,177.5015421
689450.0,билибино,68.0584191,166.4388172
689400.0,певек,69.7016661,170.2999022
678900.0,алдан,58.6094283,125.3817188
678530.0,верхоянск,67.5502451,133.390735
678200.0,вилюйск,63.7517616,121.627284
678141.0,ленск,60.7276196,114.9548255
678170.0,мирный,62.536232,113.9667728
678960.0,нерюнгри,56.6599953,124.7202403
678450.0,нюрба,63.2828955,118.3242437
678100.0,олекминск,60.3758006,120.4060878
678000.0,покровск,61.4843503,129.1482392
678790.0,среднеколымск,67.4582218,153.7069425
678953.0,томмот,58.9586859,126.2875462
678188.0,удачный,66.4071765,112.3061555
677000.0,якутск,62.0281405,129.7325887
629830.0,губкинский,64.4457594,76.4713274
629400.0,лабытнанги,66.6592841,66.3883009
629601.0,муравленко,63.7940552,74.4948635
629734.0,надым,65.5377966,72.5182736
629300.0,новый уренгой,66.0839433,76.6809681
629800.0,ноябрьск,63.2018039,75.4510581
629000.0,салехард,66.5492077,66.6085318
629850.0,тарко-сале,64.9118803,77.7610236
152240.0,гаврилов-ям,57.3091058,39.8546444
152070.0,данилов,58.1860098,40.1795067
152470.0,любим,58.3620228,40.686841
152830.0,мышкин,57.7881684,38.4544224
152020.0,переславль-залесский,56.7360544,38.8543617
152850.0,пошехонье,58.5062879,39.1208434
152150.0,ростов,57.2051315,39.4378622
152900.0,рыбинск,58.0485495,38.8584119
152300.0,тутаев,57.8674993,39.5369627
152610.0,углич,57.5224249,38.3020044
150000.0,ярославль,57.6215477,39.8977411
